sim_id,step,var_id,value
0,1,0,0
0,1,1,0
0,1,2,0
0,2,0,0
0,2,1,0
0,2,2,0
0,3,0,0
0,3,1,0
0,3,2,0
0,4,0,0
0,4,1,0
0,4,2,0
0,5,0,0
0,5,1,0
0,5,2,0
0,6,0,0
0,6,1,0
0,6,2,0
0,7,0,0
0,7,1,0
0,7,2,0
0,8,0,0
0,8,1,0
0,8,2,0
0,9,0,0
0,9,1,0
0,9,2,0
0,10,0,0
0,10,1,0
0,10,2,0
0,11,0,0
0,11,1,0
0,11,2,0
0,12,0,0
0,12,1,0
0,12,2,0
0,13,0,0
0,13,1,0
0,13,2,0
0,14,0,0
0,14,1,0
0,14,2,0
0,15,0,0
0,15,1,0
0,15,2,0
0,16,0,0
0,16,1,0
0,16,2,0
0,17,0,0
0,17,1,0
0,17,2,0
0,18,0,0
0,18,1,0
0,18,2,0
0,19,0,0
0,19,1,0
0,19,2,0
0,20,0,0
0,20,1,0
0,20,2,0
0,21,0,0
0,21,1,0
0,21,2,0
0,22,0,0
0,22,1,0
0,22,2,0
0,23,0,0
0,23,1,0
0,23,2,0
0,24,0,0
0,24,1,0
0,24,2,0
0,25,0,0
0,25,1,0
0,25,2,0
0,26,0,0
0,26,1,0
0,26,2,0
0,27,0,0
0,27,1,0
0,27,2,0
0,28,0,0
0,28,1,0
0,28,2,0
0,29,0,0
0,29,1,0
0,29,2,0
0,30,0,0
0,30,1,0
0,30,2,0
0,31,0,0
0,31,1,0
0,31,2,1
0,32,0,0
0,32,1,1
0,32,2,1
0,33,0,0
0,33,1,1
0,33,2,0
0,34,0,0
0,34,1,1
0,34,2,1
0,35,0,0
0,35,1,2
0,35,2,1
0,36,0,0
0,36,1,2
0,36,2,2
0,37,0,0
0,37,1,3
0,37,2,2
0,38,0,0
0,38,1,3
0,38,2,1
0,39,0,0
0,39,1,3
0,39,2,0
0,40,0,0
0,40,1,3
0,40,2,1
0,41,0,0
0,41,1,4
0,41,2,1
0,42,0,0
0,42,1,4
0,42,2,0
0,43,0,0
0,43,1,4
0,43,2,1
0,44,0,0
0,44,1,5
0,44,2,1
0,45,0,0
0,45,1,5
0,45,2,1
0,46,0,0
0,46,1,5
0,46,2,1
0,47,0,0
0,47,1,5
0,47,2,2
0,48,0,0
0,48,1,5
0,48,2,2
0,49,0,0
0,49,1,5
0,49,2,2
0,50,0,0
0,50,1,6
0,50,2,2
0,51,0,0
0,51,1,6
0,51,2,1
0,52,0,0
0,52,1,6
0,52,2,0
0,53,0,0
0,53,1,6
0,53,2,1
0,54,0,0
0,54,1,7
0,54,2,1
0,55,0,0
0,55,1,7
0,55,2,0
0,56,0,0
0,56,1,7
0,56,2,1
0,57,0,0
0,57,1,7
0,57,2,1
0,58,0,0
0,58,1,7
0,58,2,1
0,59,0,0
0,59,1,7
0,59,2,1
0,60,0,0
0,60,1,7
0,60,2,1
0,61,0,0
0,61,1,8
0,61,2,1
0,62,0,0
0,62,1,8
0,62,2,1
0,63,0,0
0,63,1,8
0,63,2,2
0,64,0,0
0,64,1,9
0,64,2,2
0,65,0,0
0,65,1,9
0,65,2,3
0,66,0,0
0,66,1,9
0,66,2,3
0,67,0,0
0,67,1,9
0,67,2,3
0,68,0,0
0,68,1,9
0,68,2,3
0,69,0,0
0,69,1,9
0,69,2,3
0,70,0,0
0,70,1,10
0,70,2,3
0,71,0,0
0,71,1,10
0,71,2,2
0,72,0,0
0,72,1,10
0,72,2,2
0,73,0,0
0,73,1,10
0,73,2,1
0,74,0,0
0,74,1,10
0,74,2,1
0,75,0,0
0,75,1,10
0,75,2,0
0,76,0,0
0,76,1,10
0,76,2,1
0,77,0,0
0,77,1,10
0,77,2,1
0,78,0,0
0,78,1,11
0,78,2,1
0,79,0,0
0,79,1,11
0,79,2,1
0,80,0,0
0,80,1,11
0,80,2,1
0,81,0,0
0,81,1,11
0,81,2,1
0,82,0,0
0,82,1,11
0,82,2,2
0,83,0,0
0,83,1,12
0,83,2,2
0,84,0,0
0,84,1,12
0,84,2,1
0,85,0,0
0,85,1,12
0,85,2,2
0,86,0,0
0,86,1,13
0,86,2,2
0,87,0,0
0,87,1,13
0,87,2,1
0,88,0,0
0,88,1,13
0,88,2,1
0,89,0,0
0,89,1,13
0,89,2,2
0,90,0,0
0,90,1,14
0,90,2,2
0,91,0,0
0,91,1,14
0,91,2,2
0,92,0,0
0,92,1,14
0,92,2,3
0,93,0,0
0,93,1,15
0,93,2,3
0,94,0,0
0,94,1,15
0,94,2,2
0,95,0,0
0,95,1,15
0,95,2,1
0,96,0,0
0,96,1,15
0,96,2,1
0,97,0,0
0,97,1,15
0,97,2,2
0,98,0,0
0,98,1,15
0,98,2,2
0,99,0,0
0,99,1,15
0,99,2,2
0,100,0,0
0,100,1,16
0,100,2,2
0,101,0,0
0,101,1,16
0,101,2,2
0,102,0,0
0,102,1,16
0,102,2,3
0,103,0,0
0,103,1,17
0,103,2,3
0,104,0,0
0,104,1,17
0,104,2,2
0,105,0,0
0,105,1,17
0,105,2,3
0,106,0,0
0,106,1,18
0,106,2,3
0,107,0,0
0,107,1,18
0,107,2,4
0,108,0,0
0,108,1,19
0,108,2,4
0,109,0,0
0,109,1,19
0,109,2,3
0,110,0,0
0,110,1,19
0,110,2,4
0,111,0,0
0,111,1,20
0,111,2,4
0,112,0,0
0,112,1,20
0,112,2,5
0,113,0,0
0,113,1,21
0,113,2,5
0,114,0,0
0,114,1,21
0,114,2,6
0,115,0,0
0,115,1,22
0,115,2,6
0,116,0,0
0,116,1,22
0,116,2,6
0,117,0,0
0,117,1,22
0,117,2,6
0,118,0,0
0,118,1,22
0,118,2,5
0,119,0,0
0,119,1,22
0,119,2,6
0,120,0,0
0,120,1,23
0,120,2,6
0,121,0,0
0,121,1,23
0,121,2,6
0,122,0,0
0,122,1,23
0,122,2,7
0,123,0,0
0,123,1,24
0,123,2,7
0,124,0,0
0,124,1,24
0,124,2,8
0,125,0,0
0,125,1,25
0,125,2,8
0,126,0,0
0,126,1,25
0,126,2,8
0,127,0,0
0,127,1,25
0,127,2,8
0,128,0,0
0,128,1,25
0,128,2,8
0,129,0,0
0,129,1,25
0,129,2,8
0,130,0,0
0,130,1,25
0,130,2,7
0,131,0,0
0,131,1,25
0,131,2,7
0,132,0,0
0,132,1,25
0,132,2,8
0,133,0,0
0,133,1,26
0,133,2,8
0,134,0,0
0,134,1,26
0,134,2,9
0,135,0,0
0,135,1,27
0,135,2,9
0,136,0,0
0,136,1,27
0,136,2,9
0,137,0,0
0,137,1,27
0,137,2,9
0,138,0,0
0,138,1,27
0,138,2,8
0,139,0,0
0,139,1,27
0,139,2,9
0,140,0,0
0,140,1,28
0,140,2,9
0,141,0,0
0,141,1,28
0,141,2,8
0,142,0,0
0,142,1,28
0,142,2,8
0,143,0,0
0,143,1,28
0,143,2,9
0,144,0,0
0,144,1,29
0,144,2,9
0,145,0,0
0,145,1,29
0,145,2,9
0,146,0,0
0,146,1,29
0,146,2,9
0,147,0,0
0,147,1,29
0,147,2,10
0,148,0,0
0,148,1,30
0,148,2,10
0,149,0,0
0,149,1,30
0,149,2,10
0,150,0,0
0,150,1,30
0,150,2,10
0,151,0,0
0,151,1,30
0,151,2,10
0,152,0,0
0,152,1,30
0,152,2,10
0,153,0,0
0,153,1,30
0,153,2,10
0,154,0,0
0,154,1,30
0,154,2,10
0,155,0,0
0,155,1,30
0,155,2,10
0,156,0,0
0,156,1,30
0,156,2,10
0,157,0,0
0,157,1,30
0,157,2,10
0,158,0,0
0,158,1,30
0,158,2,10
0,159,0,0
0,159,1,30
0,159,2,10
0,160,0,0
0,160,1,30
0,160,2,10
0,161,0,0
0,161,1,30
0,161,2,10
0,162,0,0
0,162,1,30
0,162,2,10
0,163,0,0
0,163,1,30
0,163,2,10
0,164,0,0
0,164,1,30
0,164,2,10
0,165,0,0
0,165,1,30
0,165,2,10
0,166,0,0
0,166,1,30
0,166,2,10
0,167,0,0
0,167,1,30
0,167,2,10
0,168,0,0
0,168,1,30
0,168,2,10
0,169,0,0
0,169,1,30
0,169,2,10
0,170,0,0
0,170,1,30
0,170,2,10
0,171,0,0
0,171,1,30
0,171,2,10
0,172,0,0
0,172,1,30
0,172,2,10
0,173,0,0
0,173,1,30
0,173,2,10
0,174,0,0
0,174,1,30
0,174,2,10
0,175,0,0
0,175,1,30
0,175,2,10
0,176,0,0
0,176,1,30
0,176,2,10
0,177,0,0
0,177,1,30
0,177,2,10
0,178,0,0
0,178,1,30
0,178,2,10
0,179,0,0
0,179,1,30
0,179,2,10
0,180,0,0
0,180,1,30
0,180,2,10
0,181,0,0
0,181,1,30
0,181,2,10
0,182,0,0
0,182,1,30
0,182,2,10
0,183,0,0
0,183,1,30
0,183,2,10
0,184,0,0
0,184,1,30
0,184,2,10
0,185,0,0
0,185,1,30
0,185,2,10
0,186,0,0
0,186,1,30
0,186,2,10
0,187,0,0
0,187,1,30
0,187,2,10
0,188,0,0
0,188,1,30
0,188,2,10
0,189,0,0
0,189,1,30
0,189,2,10
0,190,0,0
0,190,1,30
0,190,2,10
0,191,0,0
0,191,1,30
0,191,2,10
0,192,0,0
0,192,1,30
0,192,2,10
0,193,0,0
0,193,1,30
0,193,2,10
0,194,0,0
0,194,1,30
0,194,2,10
0,195,0,0
0,195,1,30
0,195,2,10
0,196,0,0
0,196,1,30
0,196,2,10
0,197,0,0
0,197,1,30
0,197,2,10
0,198,0,0
0,198,1,30
0,198,2,10
0,199,0,0
0,199,1,30
0,199,2,10
0,200,0,0
0,200,1,30
0,200,2,10
0,201,0,0
0,201,1,30
0,201,2,10
0,202,0,0
0,202,1,30
0,202,2,10
0,203,0,0
0,203,1,30
0,203,2,10
0,204,0,0
0,204,1,30
0,204,2,10
0,205,0,0
0,205,1,30
0,205,2,10
0,206,0,0
0,206,1,30
0,206,2,10
0,207,0,0
0,207,1,30
0,207,2,10
0,208,0,0
0,208,1,30
0,208,2,10
0,209,0,0
0,209,1,30
0,209,2,10
0,210,0,0
0,210,1,30
0,210,2,10
0,211,0,0
0,211,1,30
0,211,2,10
0,212,0,0
0,212,1,30
0,212,2,10
0,213,0,0
0,213,1,30
0,213,2,10
0,214,0,0
0,214,1,30
0,214,2,10
0,215,0,0
0,215,1,30
0,215,2,10
0,216,0,0
0,216,1,30
0,216,2,10
1,1,0,0
1,1,1,0
1,1,2,0
1,2,0,0
1,2,1,0
1,2,2,0
1,3,0,0
1,3,1,0
1,3,2,0
1,4,0,0
1,4,1,0
1,4,2,0
1,5,0,0
1,5,1,0
1,5,2,0
1,6,0,0
1,6,1,0
1,6,2,0
1,7,0,0
1,7,1,0
1,7,2,0
1,8,0,0
1,8,1,0
1,8,2,0
1,9,0,0
1,9,1,0
1,9,2,0
1,10,0,0
1,10,1,0
1,10,2,0
1,11,0,0
1,11,1,0
1,11,2,0
1,12,0,0
1,12,1,0
1,12,2,0
1,13,0,0
1,13,1,0
1,13,2,0
1,14,0,0
1,14,1,0
1,14,2,0
1,15,0,0
1,15,1,0
1,15,2,0
1,16,0,0
1,16,1,0
1,16,2,0
1,17,0,0
1,17,1,0
1,17,2,0
1,18,0,0
1,18,1,0
1,18,2,0
1,19,0,0
1,19,1,0
1,19,2,0
1,20,0,0
1,20,1,0
1,20,2,0
1,21,0,0
1,21,1,0
1,21,2,1
1,22,0,0
1,22,1,1
1,22,2,1
1,23,0,0
1,23,1,1
1,23,2,0
1,24,0,0
1,24,1,1
1,24,2,1
1,25,0,0
1,25,1,2
1,25,2,1
1,26,0,0
1,26,1,2
1,26,2,2
1,27,0,0
1,27,1,3
1,27,2,2
1,28,0,0
1,28,1,3
1,28,2,3
1,29,0,0
1,29,1,4
1,29,2,3
1,30,0,0
1,30,1,4
1,30,2,2
1,31,0,0
1,31,1,4
1,31,2,2
1,32,0,0
1,32,1,4
1,32,2,2
1,33,0,0
1,33,1,4
1,33,2,3
1,34,0,0
1,34,1,5
1,34,2,3
1,35,0,0
1,35,1,5
1,35,2,2
1,36,0,0
1,36,1,5
1,36,2,3
1,37,0,0
1,37,1,6
1,37,2,3
1,38,0,0
1,38,1,6
1,38,2,2
1,39,0,0
1,39,1,6
1,39,2,3
1,40,0,0
1,40,1,7
1,40,2,3
1,41,0,0
1,41,1,7
1,41,2,3
1,42,0,0
1,42,1,7
1,42,2,3
1,43,0,0
1,43,1,7
1,43,2,4
1,44,0,0
1,44,1,8
1,44,2,4
1,45,0,0
1,45,1,8
1,45,2,3
1,46,0,0
1,46,1,8
1,46,2,2
1,47,0,0
1,47,1,8
1,47,2,2
1,48,0,0
1,48,1,8
1,48,2,3
1,49,0,0
1,49,1,9
1,49,2,3
1,50,0,0
1,50,1,9
1,50,2,2
1,51,0,0
1,51,1,9
1,51,2,1
1,52,0,0
1,52,1,9
1,52,2,0
1,53,0,0
1,53,1,9
1,53,2,1
1,54,0,0
1,54,1,10
1,54,2,1
1,55,0,0
1,55,1,10
1,55,2,0
1,56,0,0
1,56,1,10
1,56,2,1
1,57,0,0
1,57,1,10
1,57,2,1
1,58,0,0
1,58,1,10
1,58,2,1
1,59,0,0
1,59,1,10
1,59,2,1
1,60,0,0
1,60,1,11
1,60,2,1
1,61,0,0
1,61,1,11
1,61,2,2
1,62,0,0
1,62,1,12
1,62,2,2
1,63,0,0
1,63,1,12
1,63,2,2
1,64,0,0
1,64,1,12
1,64,2,1
1,65,0,0
1,65,1,12
1,65,2,2
1,66,0,0
1,66,1,13
1,66,2,2
1,67,0,0
1,67,1,13
1,67,2,1
1,68,0,0
1,68,1,13
1,68,2,2
1,69,0,0
1,69,1,13
1,69,2,2
1,70,0,0
1,70,1,13
1,70,2,2
1,71,0,0
1,71,1,13
1,71,2,2
1,72,0,0
1,72,1,13
1,72,2,2
1,73,0,0
1,73,1,13
1,73,2,2
1,74,0,0
1,74,1,14
1,74,2,2
1,75,0,0
1,75,1,14
1,75,2,3
1,76,0,0
1,76,1,15
1,76,2,3
1,77,0,0
1,77,1,15
1,77,2,4
1,78,0,0
1,78,1,16
1,78,2,4
1,79,0,0
1,79,1,16
1,79,2,3
1,80,0,0
1,80,1,16
1,80,2,3
1,81,0,0
1,81,1,16
1,81,2,3
1,82,0,0
1,82,1,16
1,82,2,3
1,83,0,0
1,83,1,16
1,83,2,4
1,84,0,0
1,84,1,17
1,84,2,4
1,85,0,0
1,85,1,17
1,85,2,4
1,86,0,0
1,86,1,17
1,86,2,3
1,87,0,0
1,87,1,17
1,87,2,3
1,88,0,0
1,88,1,17
1,88,2,2
1,89,0,0
1,89,1,17
1,89,2,1
1,90,0,0
1,90,1,17
1,90,2,0
1,91,0,0
1,91,1,17
1,91,2,0
1,92,0,0
1,92,1,17
1,92,2,1
1,93,0,0
1,93,1,18
1,93,2,1
1,94,0,0
1,94,1,18
1,94,2,2
1,95,0,0
1,95,1,19
1,95,2,2
1,96,0,0
1,96,1,19
1,96,2,3
1,97,0,0
1,97,1,20
1,97,2,3
1,98,0,0
1,98,1,20
1,98,2,4
1,99,0,0
1,99,1,20
1,99,2,4
1,100,0,0
1,100,1,21
1,100,2,4
1,101,0,0
1,101,1,21
1,101,2,3
1,102,0,0
1,102,1,21
1,102,2,3
1,103,0,0
1,103,1,21
1,103,2,4
1,104,0,0
1,104,1,22
1,104,2,4
1,105,0,0
1,105,1,22
1,105,2,3
1,106,0,0
1,106,1,22
1,106,2,2
1,107,0,0
1,107,1,22
1,107,2,3
1,108,0,0
1,108,1,23
1,108,2,3
1,109,0,0
1,109,1,23
1,109,2,4
1,110,0,0
1,110,1,24
1,110,2,4
1,111,0,0
1,111,1,24
1,111,2,5
1,112,0,0
1,112,1,25
1,112,2,5
1,113,0,0
1,113,1,25
1,113,2,4
1,114,0,0
1,114,1,25
1,114,2,5
1,115,0,0
1,115,1,25
1,115,2,5
1,116,0,0
1,116,1,26
1,116,2,5
1,117,0,0
1,117,1,26
1,117,2,5
1,118,0,0
1,118,1,26
1,118,2,5
1,119,0,0
1,119,1,26
1,119,2,6
1,120,0,0
1,120,1,27
1,120,2,6
1,121,0,0
1,121,1,27
1,121,2,6
1,122,0,0
1,122,1,27
1,122,2,5
1,123,0,0
1,123,1,27
1,123,2,6
1,124,0,0
1,124,1,28
1,124,2,6
1,125,0,0
1,125,1,28
1,125,2,7
1,126,0,0
1,126,1,29
1,126,2,7
1,127,0,0
1,127,1,29
1,127,2,6
1,128,0,0
1,128,1,29
1,128,2,5
1,129,0,0
1,129,1,29
1,129,2,4
1,130,0,0
1,130,1,29
1,130,2,3
1,131,0,0
1,131,1,29
1,131,2,2
1,132,0,0
1,132,1,29
1,132,2,2
1,133,0,0
1,133,1,29
1,133,2,3
1,134,0,0
1,134,1,30
1,134,2,3
1,135,0,0
1,135,1,30
1,135,2,4
1,136,0,0
1,136,1,31
1,136,2,4
1,137,0,0
1,137,1,31
1,137,2,4
1,138,0,0
1,138,1,31
1,138,2,4
1,139,0,0
1,139,1,31
1,139,2,5
1,140,0,0
1,140,1,32
1,140,2,5
1,141,0,0
1,141,1,32
1,141,2,4
1,142,0,0
1,142,1,32
1,142,2,5
1,143,0,0
1,143,1,33
1,143,2,5
1,144,0,0
1,144,1,33
1,144,2,4
1,145,0,0
1,145,1,33
1,145,2,5
1,146,0,0
1,146,1,34
1,146,2,5
1,147,0,0
1,147,1,34
1,147,2,5
1,148,0,0
1,148,1,34
1,148,2,4
1,149,0,0
1,149,1,34
1,149,2,3
1,150,0,0
1,150,1,34
1,150,2,2
1,151,0,0
1,151,1,34
1,151,2,2
1,152,0,0
1,152,1,34
1,152,2,3
1,153,0,0
1,153,1,35
1,153,2,3
1,154,0,0
1,154,1,35
1,154,2,4
1,155,0,0
1,155,1,36
1,155,2,4
1,156,0,0
1,156,1,36
1,156,2,3
1,157,0,0
1,157,1,36
1,157,2,4
1,158,0,0
1,158,1,37
1,158,2,4
1,159,0,0
1,159,1,37
1,159,2,4
1,160,0,0
1,160,1,37
1,160,2,3
1,161,0,0
1,161,1,37
1,161,2,4
1,162,0,0
1,162,1,38
1,162,2,4
1,163,0,0
1,163,1,38
1,163,2,3
1,164,0,0
1,164,1,38
1,164,2,2
1,165,0,0
1,165,1,38
1,165,2,2
1,166,0,0
1,166,1,38
1,166,2,1
1,167,0,0
1,167,1,38
1,167,2,0
1,168,0,0
1,168,1,38
1,168,2,1
1,169,0,0
1,169,1,38
1,169,2,1
1,170,0,0
1,170,1,38
1,170,2,1
1,171,0,0
1,171,1,38
1,171,2,1
1,172,0,0
1,172,1,38
1,172,2,1
1,173,0,0
1,173,1,39
1,173,2,1
1,174,0,0
1,174,1,39
1,174,2,0
1,175,0,0
1,175,1,39
1,175,2,1
1,176,0,0
1,176,1,39
1,176,2,1
1,177,0,0
1,177,1,40
1,177,2,1
1,178,0,0
1,178,1,40
1,178,2,0
1,179,0,0
1,179,1,40
1,179,2,1
1,180,0,0
1,180,1,41
1,180,2,1
1,181,0,0
1,181,1,41
1,181,2,0
1,182,0,0
1,182,1,41
1,182,2,0
1,183,0,0
1,183,1,41
1,183,2,1
1,184,0,0
1,184,1,41
1,184,2,1
1,185,0,0
1,185,1,41
1,185,2,1
1,186,0,0
1,186,1,42
1,186,2,1
1,187,0,0
1,187,1,42
1,187,2,0
1,188,0,0
1,188,1,42
1,188,2,1
1,189,0,0
1,189,1,43
1,189,2,1
1,190,0,0
1,190,1,43
1,190,2,2
1,191,0,0
1,191,1,44
1,191,2,2
1,192,0,0
1,192,1,44
1,192,2,2
1,193,0,0
1,193,1,44
1,193,2,1
1,194,0,0
1,194,1,44
1,194,2,0
1,195,0,0
1,195,1,44
1,195,2,1
1,196,0,0
1,196,1,44
1,196,2,1
1,197,0,0
1,197,1,45
1,197,2,1
1,198,0,0
1,198,1,45
1,198,2,1
1,199,0,0
1,199,1,45
1,199,2,2
1,200,0,0
1,200,1,45
1,200,2,2
1,201,0,0
1,201,1,46
1,201,2,2
1,202,0,0
1,202,1,46
1,202,2,3
1,203,0,0
1,203,1,47
1,203,2,3
1,204,0,0
1,204,1,47
1,204,2,4
1,205,0,0
1,205,1,47
1,205,2,4
1,206,0,0
1,206,1,48
1,206,2,4
1,207,0,0
1,207,1,48
1,207,2,3
1,208,0,0
1,208,1,48
1,208,2,2
1,209,0,0
1,209,1,48
1,209,2,3
1,210,0,0
1,210,1,49
1,210,2,3
1,211,0,0
1,211,1,49
1,211,2,2
1,212,0,0
1,212,1,49
1,212,2,1
1,213,0,0
1,213,1,49
1,213,2,2
1,214,0,0
1,214,1,49
1,214,2,2
1,215,0,0
1,215,1,50
1,215,2,2
1,216,0,0
1,216,1,50
1,216,2,3
1,217,0,0
1,217,1,51
1,217,2,3
1,218,0,0
1,218,1,51
1,218,2,4
1,219,0,0
1,219,1,52
1,219,2,4
1,220,0,0
1,220,1,52
1,220,2,5
1,221,0,0
1,221,1,52
1,221,2,5
1,222,0,0
1,222,1,53
1,222,2,5
1,223,0,0
1,223,1,53
1,223,2,5
1,224,0,0
1,224,1,53
1,224,2,6
1,225,0,0
1,225,1,54
1,225,2,6
1,226,0,0
1,226,1,54
1,226,2,5
1,227,0,0
1,227,1,54
1,227,2,5
1,228,0,0
1,228,1,54
1,228,2,4
1,229,0,0
1,229,1,54
1,229,2,4
1,230,0,0
1,230,1,54
1,230,2,5
1,231,0,0
1,231,1,55
1,231,2,5
1,232,0,0
1,232,1,55
1,232,2,5
1,233,0,0
1,233,1,55
1,233,2,4
1,234,0,0
1,234,1,55
1,234,2,3
1,235,0,0
1,235,1,55
1,235,2,2
1,236,0,0
1,236,1,55
1,236,2,1
1,237,0,0
1,237,1,55
1,237,2,0
1,238,0,0
1,238,1,55
1,238,2,1
1,239,0,0
1,239,1,56
1,239,2,1
1,240,0,0
1,240,1,56
1,240,2,2
1,241,0,0
1,241,1,57
1,241,2,2
1,242,0,0
1,242,1,57
1,242,2,1
1,243,0,0
1,243,1,57
1,243,2,2
1,244,0,0
1,244,1,57
1,244,2,2
1,245,0,0
1,245,1,58
1,245,2,2
1,246,0,0
1,246,1,58
1,246,2,3
1,247,0,0
1,247,1,58
1,247,2,3
1,248,0,0
1,248,1,59
1,248,2,3
1,249,0,0
1,249,1,59
1,249,2,3
1,250,0,0
1,250,1,59
1,250,2,3
1,251,0,0
1,251,1,59
1,251,2,4
1,252,0,0
1,252,1,60
1,252,2,4
1,253,0,0
1,253,1,60
1,253,2,5
1,254,0,0
1,254,1,60
1,254,2,5
1,255,0,0
1,255,1,61
1,255,2,5
1,256,0,0
1,256,1,61
1,256,2,5
1,257,0,0
1,257,1,61
1,257,2,6
1,258,0,0
1,258,1,62
1,258,2,6
1,259,0,0
1,259,1,62
1,259,2,7
1,260,0,0
1,260,1,63
1,260,2,7
1,261,0,0
1,261,1,63
1,261,2,7
1,262,0,0
1,262,1,63
1,262,2,7
1,263,0,0
1,263,1,63
1,263,2,7
1,264,0,0
1,264,1,63
1,264,2,8
1,265,0,0
1,265,1,64
1,265,2,8
1,266,0,0
1,266,1,64
1,266,2,8
1,267,0,0
1,267,1,64
1,267,2,9
1,268,0,0
1,268,1,65
1,268,2,9
1,269,0,0
1,269,1,65
1,269,2,10
1,270,0,0
1,270,1,66
1,270,2,10
1,271,0,0
1,271,1,66
1,271,2,10
1,272,0,0
1,272,1,66
1,272,2,10
1,273,0,0
1,273,1,66
1,273,2,10
1,274,0,0
1,274,1,66
1,274,2,10
1,275,0,0
1,275,1,66
1,275,2,10
1,276,0,0
1,276,1,66
1,276,2,10
1,277,0,0
1,277,1,66
1,277,2,10
1,278,0,0
1,278,1,66
1,278,2,10
1,279,0,0
1,279,1,66
1,279,2,10
1,280,0,0
1,280,1,66
1,280,2,10
1,281,0,0
1,281,1,66
1,281,2,10
1,282,0,0
1,282,1,66
1,282,2,10
1,283,0,0
1,283,1,66
1,283,2,10
1,284,0,0
1,284,1,66
1,284,2,10
1,285,0,0
1,285,1,66
1,285,2,10
1,286,0,0
1,286,1,66
1,286,2,10
1,287,0,0
1,287,1,66
1,287,2,10
1,288,0,0
1,288,1,66
1,288,2,10
1,289,0,0
1,289,1,66
1,289,2,10
1,290,0,0
1,290,1,66
1,290,2,10
1,291,0,0
1,291,1,66
1,291,2,10
1,292,0,0
1,292,1,66
1,292,2,10
1,293,0,0
1,293,1,66
1,293,2,10
1,294,0,0
1,294,1,66
1,294,2,10
1,295,0,0
1,295,1,66
1,295,2,10
1,296,0,0
1,296,1,66
1,296,2,10
1,297,0,0
1,297,1,66
1,297,2,10
1,298,0,0
1,298,1,66
1,298,2,10
1,299,0,0
1,299,1,66
1,299,2,10
1,300,0,0
1,300,1,66
1,300,2,10
1,301,0,0
1,301,1,66
1,301,2,10
1,302,0,0
1,302,1,66
1,302,2,10
1,303,0,0
1,303,1,66
1,303,2,10
1,304,0,0
1,304,1,66
1,304,2,10
1,305,0,0
1,305,1,66
1,305,2,10
1,306,0,0
1,306,1,66
1,306,2,10
1,307,0,0
1,307,1,66
1,307,2,10
1,308,0,0
1,308,1,66
1,308,2,10
1,309,0,0
1,309,1,66
1,309,2,10
1,310,0,0
1,310,1,66
1,310,2,10
1,311,0,0
1,311,1,66
1,311,2,10
1,312,0,0
1,312,1,66
1,312,2,10
1,313,0,0
1,313,1,66
1,313,2,10
1,314,0,0
1,314,1,66
1,314,2,10
1,315,0,0
1,315,1,66
1,315,2,10
1,316,0,0
1,316,1,66
1,316,2,10
1,317,0,0
1,317,1,66
1,317,2,10
1,318,0,0
1,318,1,66
1,318,2,10
1,319,0,0
1,319,1,66
1,319,2,10
1,320,0,0
1,320,1,66
1,320,2,10
1,321,0,0
1,321,1,66
1,321,2,10
1,322,0,0
1,322,1,66
1,322,2,10
1,323,0,0
1,323,1,66
1,323,2,10
1,324,0,0
1,324,1,66
1,324,2,10
1,325,0,0
1,325,1,66
1,325,2,10
1,326,0,0
1,326,1,66
1,326,2,10
1,327,0,0
1,327,1,66
1,327,2,10
1,328,0,0
1,328,1,66
1,328,2,10
1,329,0,0
1,329,1,66
1,329,2,10
1,330,0,0
1,330,1,66
1,330,2,10
1,331,0,0
1,331,1,66
1,331,2,10
1,332,0,0
1,332,1,66
1,332,2,10
1,333,0,0
1,333,1,66
1,333,2,10
1,334,0,0
1,334,1,66
1,334,2,10
2,1,0,0
2,1,1,0
2,1,2,0
2,2,0,0
2,2,1,0
2,2,2,0
2,3,0,0
2,3,1,0
2,3,2,0
2,4,0,0
2,4,1,0
2,4,2,0
2,5,0,0
2,5,1,0
2,5,2,0
2,6,0,0
2,6,1,0
2,6,2,0
2,7,0,0
2,7,1,0
2,7,2,0
2,8,0,0
2,8,1,0
2,8,2,0
2,9,0,0
2,9,1,0
2,9,2,0
2,10,0,0
2,10,1,0
2,10,2,0
2,11,0,0
2,11,1,0
2,11,2,0
2,12,0,0
2,12,1,0
2,12,2,0
2,13,0,0
2,13,1,0
2,13,2,0
2,14,0,0
2,14,1,0
2,14,2,0
2,15,0,0
2,15,1,0
2,15,2,0
2,16,0,0
2,16,1,0
2,16,2,0
2,17,0,0
2,17,1,0
2,17,2,0
2,18,0,0
2,18,1,0
2,18,2,0
2,19,0,0
2,19,1,0
2,19,2,0
2,20,0,0
2,20,1,0
2,20,2,0
2,21,0,0
2,21,1,0
2,21,2,0
2,22,0,0
2,22,1,0
2,22,2,1
2,23,0,0
2,23,1,0
2,23,2,1
2,24,0,0
2,24,1,1
2,24,2,1
2,25,0,0
2,25,1,1
2,25,2,1
2,26,0,0
2,26,1,1
2,26,2,0
2,27,0,0
2,27,1,1
2,27,2,1
2,28,0,0
2,28,1,2
2,28,2,1
2,29,0,0
2,29,1,2
2,29,2,0
2,30,0,0
2,30,1,2
2,30,2,1
2,31,0,0
2,31,1,2
2,31,2,1
2,32,0,0
2,32,1,3
2,32,2,1
2,33,0,0
2,33,1,3
2,33,2,2
2,34,0,0
2,34,1,3
2,34,2,2
2,35,0,0
2,35,1,4
2,35,2,2
2,36,0,0
2,36,1,4
2,36,2,2
2,37,0,0
2,37,1,4
2,37,2,3
2,38,0,0
2,38,1,5
2,38,2,3
2,39,0,0
2,39,1,5
2,39,2,2
2,40,0,0
2,40,1,5
2,40,2,3
2,41,0,0
2,41,1,6
2,41,2,3
2,42,0,0
2,42,1,6
2,42,2,2
2,43,0,0
2,43,1,6
2,43,2,1
2,44,0,0
2,44,1,6
2,44,2,2
2,45,0,0
2,45,1,7
2,45,2,2
2,46,0,0
2,46,1,7
2,46,2,2
2,47,0,0
2,47,1,7
2,47,2,3
2,48,0,0
2,48,1,7
2,48,2,3
2,49,0,0
2,49,1,7
2,49,2,3
2,50,0,0
2,50,1,8
2,50,2,3
2,51,0,0
2,51,1,8
2,51,2,2
2,52,0,0
2,52,1,8
2,52,2,3
2,53,0,0
2,53,1,8
2,53,2,3
2,54,0,0
2,54,1,9
2,54,2,3
2,55,0,0
2,55,1,9
2,55,2,3
2,56,0,0
2,56,1,9
2,56,2,3
2,57,0,0
2,57,1,9
2,57,2,2
2,58,0,0
2,58,1,9
2,58,2,2
2,59,0,0
2,59,1,9
2,59,2,2
2,60,0,0
2,60,1,9
2,60,2,3
2,61,0,0
2,61,1,9
2,61,2,3
2,62,0,0
2,62,1,10
2,62,2,3
2,63,0,0
2,63,1,10
2,63,2,2
2,64,0,0
2,64,1,10
2,64,2,1
2,65,0,0
2,65,1,10
2,65,2,0
2,66,0,0
2,66,1,10
2,66,2,1
2,67,0,0
2,67,1,10
2,67,2,1
2,68,0,0
2,68,1,11
2,68,2,1
2,69,0,0
2,69,1,11
2,69,2,2
2,70,0,0
2,70,1,12
2,70,2,2
2,71,0,0
2,71,1,12
2,71,2,1
2,72,0,0
2,72,1,12
2,72,2,2
2,73,0,0
2,73,1,13
2,73,2,2
2,74,0,0
2,74,1,13
2,74,2,3
2,75,0,0
2,75,1,13
2,75,2,3
2,76,0,0
2,76,1,14
2,76,2,3
2,77,0,0
2,77,1,14
2,77,2,2
2,78,0,0
2,78,1,14
2,78,2,1
2,79,0,0
2,79,1,14
2,79,2,2
2,80,0,0
2,80,1,15
2,80,2,2
2,81,0,0
2,81,1,15
2,81,2,1
2,82,0,0
2,82,1,15
2,82,2,0
2,83,0,0
2,83,1,15
2,83,2,1
2,84,0,0
2,84,1,16
2,84,2,1
2,85,0,0
2,85,1,16
2,85,2,0
2,86,0,0
2,86,1,16
2,86,2,1
2,87,0,0
2,87,1,16
2,87,2,1
2,88,0,0
2,88,1,17
2,88,2,1
2,89,0,0
2,89,1,17
2,89,2,2
2,90,0,0
2,90,1,17
2,90,2,2
2,91,0,0
2,91,1,17
2,91,2,2
2,92,0,0
2,92,1,18
2,92,2,2
2,93,0,0
2,93,1,18
2,93,2,3
2,94,0,0
2,94,1,19
2,94,2,3
2,95,0,0
2,95,1,19
2,95,2,2
2,96,0,0
2,96,1,19
2,96,2,3
2,97,0,0
2,97,1,20
2,97,2,3
2,98,0,0
2,98,1,20
2,98,2,3
2,99,0,0
2,99,1,20
2,99,2,4
2,100,0,0
2,100,1,21
2,100,2,4
2,101,0,0
2,101,1,21
2,101,2,4
2,102,0,0
2,102,1,21
2,102,2,5
2,103,0,0
2,103,1,22
2,103,2,5
2,104,0,0
2,104,1,22
2,104,2,4
2,105,0,0
2,105,1,22
2,105,2,4
2,106,0,0
2,106,1,22
2,106,2,3
2,107,0,0
2,107,1,22
2,107,2,4
2,108,0,0
2,108,1,23
2,108,2,4
2,109,0,0
2,109,1,23
2,109,2,5
2,110,0,0
2,110,1,24
2,110,2,5
2,111,0,0
2,111,1,24
2,111,2,4
2,112,0,0
2,112,1,24
2,112,2,4
2,113,0,0
2,113,1,24
2,113,2,3
2,114,0,0
2,114,1,24
2,114,2,2
2,115,0,0
2,115,1,24
2,115,2,3
2,116,0,0
2,116,1,25
2,116,2,3
2,117,0,0
2,117,1,25
2,117,2,4
2,118,0,0
2,118,1,26
2,118,2,4
2,119,0,0
2,119,1,26
2,119,2,5
2,120,0,0
2,120,1,27
2,120,2,5
2,121,0,0
2,121,1,27
2,121,2,5
2,122,0,0
2,122,1,27
2,122,2,5
2,123,0,0
2,123,1,27
2,123,2,5
2,124,0,0
2,124,1,27
2,124,2,6
2,125,0,0
2,125,1,28
2,125,2,6
2,126,0,0
2,126,1,28
2,126,2,7
2,127,0,0
2,127,1,29
2,127,2,7
2,128,0,0
2,128,1,29
2,128,2,6
2,129,0,0
2,129,1,29
2,129,2,5
2,130,0,0
2,130,1,29
2,130,2,4
2,131,0,0
2,131,1,29
2,131,2,5
2,132,0,0
2,132,1,30
2,132,2,5
2,133,0,0
2,133,1,30
2,133,2,4
2,134,0,0
2,134,1,30
2,134,2,5
2,135,0,0
2,135,1,31
2,135,2,5
2,136,0,0
2,136,1,31
2,136,2,5
2,137,0,0
2,137,1,31
2,137,2,4
2,138,0,0
2,138,1,31
2,138,2,5
2,139,0,0
2,139,1,32
2,139,2,5
2,140,0,0
2,140,1,32
2,140,2,6
2,141,0,0
2,141,1,33
2,141,2,6
2,142,0,0
2,142,1,33
2,142,2,7
2,143,0,0
2,143,1,34
2,143,2,7
2,144,0,0
2,144,1,34
2,144,2,6
2,145,0,0
2,145,1,34
2,145,2,5
2,146,0,0
2,146,1,34
2,146,2,6
2,147,0,0
2,147,1,34
2,147,2,6
2,148,0,0
2,148,1,35
2,148,2,6
2,149,0,0
2,149,1,35
2,149,2,7
2,150,0,0
2,150,1,36
2,150,2,7
2,151,0,0
2,151,1,36
2,151,2,8
2,152,0,0
2,152,1,37
2,152,2,8
2,153,0,0
2,153,1,37
2,153,2,7
2,154,0,0
2,154,1,37
2,154,2,7
2,155,0,0
2,155,1,37
2,155,2,7
2,156,0,0
2,156,1,37
2,156,2,7
2,157,0,0
2,157,1,37
2,157,2,8
2,158,0,0
2,158,1,38
2,158,2,8
2,159,0,0
2,159,1,38
2,159,2,7
2,160,0,0
2,160,1,38
2,160,2,8
2,161,0,0
2,161,1,39
2,161,2,8
2,162,0,0
2,162,1,39
2,162,2,8
2,163,0,0
2,163,1,39
2,163,2,8
2,164,0,0
2,164,1,39
2,164,2,8
2,165,0,0
2,165,1,39
2,165,2,8
2,166,0,0
2,166,1,39
2,166,2,9
2,167,0,0
2,167,1,40
2,167,2,9
2,168,0,0
2,168,1,40
2,168,2,8
2,169,0,0
2,169,1,40
2,169,2,8
2,170,0,0
2,170,1,40
2,170,2,9
2,171,0,0
2,171,1,41
2,171,2,9
2,172,0,0
2,172,1,41
2,172,2,10
2,173,0,0
2,173,1,42
2,173,2,10
2,174,0,0
2,174,1,42
2,174,2,10
2,175,0,0
2,175,1,42
2,175,2,10
2,176,0,0
2,176,1,42
2,176,2,10
2,177,0,0
2,177,1,42
2,177,2,10
2,178,0,0
2,178,1,42
2,178,2,10
2,179,0,0
2,179,1,42
2,179,2,10
2,180,0,0
2,180,1,42
2,180,2,10
2,181,0,0
2,181,1,42
2,181,2,10
2,182,0,0
2,182,1,42
2,182,2,10
2,183,0,0
2,183,1,42
2,183,2,10
2,184,0,0
2,184,1,42
2,184,2,10
2,185,0,0
2,185,1,42
2,185,2,10
2,186,0,0
2,186,1,42
2,186,2,10
2,187,0,0
2,187,1,42
2,187,2,10
2,188,0,0
2,188,1,42
2,188,2,10
2,189,0,0
2,189,1,42
2,189,2,10
2,190,0,0
2,190,1,42
2,190,2,10
2,191,0,0
2,191,1,42
2,191,2,10
2,192,0,0
2,192,1,42
2,192,2,10
2,193,0,0
2,193,1,42
2,193,2,10
2,194,0,0
2,194,1,42
2,194,2,10
2,195,0,0
2,195,1,42
2,195,2,10
2,196,0,0
2,196,1,42
2,196,2,10
2,197,0,0
2,197,1,42
2,197,2,10
2,198,0,0
2,198,1,42
2,198,2,10
2,199,0,0
2,199,1,42
2,199,2,10
2,200,0,0
2,200,1,42
2,200,2,10
2,201,0,0
2,201,1,42
2,201,2,10
2,202,0,0
2,202,1,42
2,202,2,10
2,203,0,0
2,203,1,42
2,203,2,10
2,204,0,0
2,204,1,42
2,204,2,10
2,205,0,0
2,205,1,42
2,205,2,10
2,206,0,0
2,206,1,42
2,206,2,10
2,207,0,0
2,207,1,42
2,207,2,10
2,208,0,0
2,208,1,42
2,208,2,10
2,209,0,0
2,209,1,42
2,209,2,10
2,210,0,0
2,210,1,42
2,210,2,10
2,211,0,0
2,211,1,42
2,211,2,10
2,212,0,0
2,212,1,42
2,212,2,10
2,213,0,0
2,213,1,42
2,213,2,10
2,214,0,0
2,214,1,42
2,214,2,10
2,215,0,0
2,215,1,42
2,215,2,10
2,216,0,0
2,216,1,42
2,216,2,10
2,217,0,0
2,217,1,42
2,217,2,10
2,218,0,0
2,218,1,42
2,218,2,10
2,219,0,0
2,219,1,42
2,219,2,10
2,220,0,0
2,220,1,42
2,220,2,10
2,221,0,0
2,221,1,42
2,221,2,10
2,222,0,0
2,222,1,42
2,222,2,10
2,223,0,0
2,223,1,42
2,223,2,10
2,224,0,0
2,224,1,42
2,224,2,10
2,225,0,0
2,225,1,42
2,225,2,10
2,226,0,0
2,226,1,42
2,226,2,10
2,227,0,0
2,227,1,42
2,227,2,10
2,228,0,0
2,228,1,42
2,228,2,10
2,229,0,0
2,229,1,42
2,229,2,10
2,230,0,0
2,230,1,42
2,230,2,10
2,231,0,0
2,231,1,42
2,231,2,10
2,232,0,0
2,232,1,42
2,232,2,10
2,233,0,0
2,233,1,42
2,233,2,10
2,234,0,0
2,234,1,42
2,234,2,10
2,235,0,0
2,235,1,42
2,235,2,10
2,236,0,0
2,236,1,42
2,236,2,10
2,237,0,0
2,237,1,42
2,237,2,10
2,238,0,0
2,238,1,42
2,238,2,10
3,1,0,0
3,1,1,0
3,1,2,0
3,2,0,0
3,2,1,0
3,2,2,0
3,3,0,0
3,3,1,0
3,3,2,0
3,4,0,0
3,4,1,0
3,4,2,0
3,5,0,0
3,5,1,0
3,5,2,0
3,6,0,0
3,6,1,0
3,6,2,0
3,7,0,0
3,7,1,0
3,7,2,0
3,8,0,0
3,8,1,0
3,8,2,0
3,9,0,0
3,9,1,0
3,9,2,0
3,10,0,0
3,10,1,0
3,10,2,0
3,11,0,0
3,11,1,0
3,11,2,0
3,12,0,0
3,12,1,0
3,12,2,0
3,13,0,0
3,13,1,0
3,13,2,0
3,14,0,0
3,14,1,0
3,14,2,0
3,15,0,0
3,15,1,0
3,15,2,0
3,16,0,0
3,16,1,0
3,16,2,0
3,17,0,0
3,17,1,0
3,17,2,0
3,18,0,0
3,18,1,0
3,18,2,0
3,19,0,0
3,19,1,0
3,19,2,0
3,20,0,0
3,20,1,0
3,20,2,0
3,21,0,0
3,21,1,0
3,21,2,0
3,22,0,0
3,22,1,0
3,22,2,0
3,23,0,0
3,23,1,0
3,23,2,0
3,24,0,0
3,24,1,0
3,24,2,0
3,25,0,0
3,25,1,0
3,25,2,0
3,26,0,0
3,26,1,0
3,26,2,1
3,27,0,0
3,27,1,0
3,27,2,1
3,28,0,0
3,28,1,0
3,28,2,1
3,29,0,0
3,29,1,1
3,29,2,1
3,30,0,0
3,30,1,1
3,30,2,0
3,31,0,0
3,31,1,1
3,31,2,1
3,32,0,0
3,32,1,1
3,32,2,1
3,33,0,0
3,33,1,2
3,33,2,1
3,34,0,0
3,34,1,2
3,34,2,1
3,35,0,0
3,35,1,2
3,35,2,2
3,36,0,0
3,36,1,3
3,36,2,2
3,37,0,0
3,37,1,3
3,37,2,3
3,38,0,0
3,38,1,4
3,38,2,3
3,39,0,0
3,39,1,4
3,39,2,4
3,40,0,0
3,40,1,5
3,40,2,4
3,41,0,0
3,41,1,5
3,41,2,4
3,42,0,0
3,42,1,5
3,42,2,3
3,43,0,0
3,43,1,5
3,43,2,4
3,44,0,0
3,44,1,6
3,44,2,4
3,45,0,0
3,45,1,6
3,45,2,5
3,46,0,0
3,46,1,7
3,46,2,5
3,47,0,0
3,47,1,7
3,47,2,6
3,48,0,0
3,48,1,7
3,48,2,6
3,49,0,0
3,49,1,8
3,49,2,6
3,50,0,0
3,50,1,8
3,50,2,5
3,51,0,0
3,51,1,8
3,51,2,4
3,52,0,0
3,52,1,8
3,52,2,4
3,53,0,0
3,53,1,8
3,53,2,3
3,54,0,0
3,54,1,8
3,54,2,4
3,55,0,0
3,55,1,8
3,55,2,4
3,56,0,0
3,56,1,9
3,56,2,4
3,57,0,0
3,57,1,9
3,57,2,5
3,58,0,0
3,58,1,10
3,58,2,5
3,59,0,0
3,59,1,10
3,59,2,6
3,60,0,0
3,60,1,10
3,60,2,6
3,61,0,0
3,61,1,11
3,61,2,6
3,62,0,0
3,62,1,11
3,62,2,6
3,63,0,0
3,63,1,11
3,63,2,7
3,64,0,0
3,64,1,12
3,64,2,7
3,65,0,0
3,65,1,12
3,65,2,8
3,66,0,0
3,66,1,13
3,66,2,8
3,67,0,0
3,67,1,13
3,67,2,9
3,68,0,0
3,68,1,14
3,68,2,9
3,69,0,0
3,69,1,14
3,69,2,9
3,70,0,0
3,70,1,14
3,70,2,8
3,71,0,0
3,71,1,14
3,71,2,9
3,72,0,0
3,72,1,15
3,72,2,9
3,73,0,0
3,73,1,15
3,73,2,9
3,74,0,0
3,74,1,15
3,74,2,8
3,75,0,0
3,75,1,15
3,75,2,7
3,76,0,0
3,76,1,15
3,76,2,7
3,77,0,0
3,77,1,15
3,77,2,7
3,78,0,0
3,78,1,15
3,78,2,6
3,79,0,0
3,79,1,15
3,79,2,6
3,80,0,0
3,80,1,15
3,80,2,7
3,81,0,0
3,81,1,16
3,81,2,7
3,82,0,0
3,82,1,16
3,82,2,7
3,83,0,0
3,83,1,16
3,83,2,8
3,84,0,0
3,84,1,17
3,84,2,8
3,85,0,0
3,85,1,17
3,85,2,8
3,86,0,0
3,86,1,17
3,86,2,8
3,87,0,0
3,87,1,17
3,87,2,7
3,88,0,0
3,88,1,17
3,88,2,6
3,89,0,0
3,89,1,17
3,89,2,7
3,90,0,0
3,90,1,18
3,90,2,7
3,91,0,0
3,91,1,18
3,91,2,8
3,92,0,0
3,92,1,19
3,92,2,8
3,93,0,0
3,93,1,19
3,93,2,7
3,94,0,0
3,94,1,19
3,94,2,6
3,95,0,0
3,95,1,19
3,95,2,7
3,96,0,0
3,96,1,20
3,96,2,7
3,97,0,0
3,97,1,20
3,97,2,8
3,98,0,0
3,98,1,21
3,98,2,8
3,99,0,0
3,99,1,21
3,99,2,9
3,100,0,0
3,100,1,22
3,100,2,9
3,101,0,0
3,101,1,22
3,101,2,8
3,102,0,0
3,102,1,22
3,102,2,9
3,103,0,0
3,103,1,23
3,103,2,9
3,104,0,0
3,104,1,23
3,104,2,8
3,105,0,0
3,105,1,23
3,105,2,8
3,106,0,0
3,106,1,23
3,106,2,9
3,107,0,0
3,107,1,24
3,107,2,9
3,108,0,0
3,108,1,24
3,108,2,9
3,109,0,0
3,109,1,24
3,109,2,9
3,110,0,0
3,110,1,24
3,110,2,9
3,111,0,0
3,111,1,24
3,111,2,9
3,112,0,0
3,112,1,24
3,112,2,9
3,113,0,0
3,113,1,24
3,113,2,8
3,114,0,0
3,114,1,24
3,114,2,7
3,115,0,0
3,115,1,24
3,115,2,7
3,116,0,0
3,116,1,24
3,116,2,7
3,117,0,0
3,117,1,24
3,117,2,6
3,118,0,0
3,118,1,24
3,118,2,7
3,119,0,0
3,119,1,25
3,119,2,7
3,120,0,0
3,120,1,25
3,120,2,6
3,121,0,0
3,121,1,25
3,121,2,5
3,122,0,0
3,122,1,25
3,122,2,4
3,123,0,0
3,123,1,25
3,123,2,5
3,124,0,0
3,124,1,26
3,124,2,5
3,125,0,0
3,125,1,26
3,125,2,5
3,126,0,0
3,126,1,26
3,126,2,5
3,127,0,0
3,127,1,26
3,127,2,4
3,128,0,0
3,128,1,26
3,128,2,3
3,129,0,0
3,129,1,26
3,129,2,4
3,130,0,0
3,130,1,27
3,130,2,4
3,131,0,0
3,131,1,27
3,131,2,5
3,132,0,0
3,132,1,28
3,132,2,5
3,133,0,0
3,133,1,28
3,133,2,5
3,134,0,0
3,134,1,28
3,134,2,4
3,135,0,0
3,135,1,28
3,135,2,5
3,136,0,0
3,136,1,28
3,136,2,5
3,137,0,0
3,137,1,29
3,137,2,5
3,138,0,0
3,138,1,29
3,138,2,4
3,139,0,0
3,139,1,29
3,139,2,4
3,140,0,0
3,140,1,29
3,140,2,5
3,141,0,0
3,141,1,30
3,141,2,5
3,142,0,0
3,142,1,30
3,142,2,6
3,143,0,0
3,143,1,31
3,143,2,6
3,144,0,0
3,144,1,31
3,144,2,5
3,145,0,0
3,145,1,31
3,145,2,6
3,146,0,0
3,146,1,32
3,146,2,6
3,147,0,0
3,147,1,32
3,147,2,5
3,148,0,0
3,148,1,32
3,148,2,4
3,149,0,0
3,149,1,32
3,149,2,3
3,150,0,0
3,150,1,32
3,150,2,4
3,151,0,0
3,151,1,33
3,151,2,4
3,152,0,0
3,152,1,33
3,152,2,3
3,153,0,0
3,153,1,33
3,153,2,4
3,154,0,0
3,154,1,33
3,154,2,4
3,155,0,0
3,155,1,34
3,155,2,4
3,156,0,0
3,156,1,34
3,156,2,4
3,157,0,0
3,157,1,34
3,157,2,4
3,158,0,0
3,158,1,34
3,158,2,3
3,159,0,0
3,159,1,34
3,159,2,2
3,160,0,0
3,160,1,34
3,160,2,1
3,161,0,0
3,161,1,34
3,161,2,0
3,162,0,0
3,162,1,34
3,162,2,1
3,163,0,0
3,163,1,35
3,163,2,1
3,164,0,0
3,164,1,35
3,164,2,0
3,165,0,0
3,165,1,35
3,165,2,1
3,166,0,0
3,166,1,36
3,166,2,1
3,167,0,0
3,167,1,36
3,167,2,0
3,168,0,0
3,168,1,36
3,168,2,1
3,169,0,0
3,169,1,36
3,169,2,1
3,170,0,0
3,170,1,36
3,170,2,1
3,171,0,0
3,171,1,37
3,171,2,1
3,172,0,0
3,172,1,37
3,172,2,0
3,173,0,0
3,173,1,37
3,173,2,1
3,174,0,0
3,174,1,37
3,174,2,1
3,175,0,0
3,175,1,37
3,175,2,1
3,176,0,0
3,176,1,37
3,176,2,1
3,177,0,0
3,177,1,38
3,177,2,1
3,178,0,0
3,178,1,38
3,178,2,2
3,179,0,0
3,179,1,38
3,179,2,2
3,180,0,0
3,180,1,39
3,180,2,2
3,181,0,0
3,181,1,39
3,181,2,1
3,182,0,0
3,182,1,39
3,182,2,2
3,183,0,0
3,183,1,40
3,183,2,2
3,184,0,0
3,184,1,40
3,184,2,3
3,185,0,0
3,185,1,41
3,185,2,3
3,186,0,0
3,186,1,41
3,186,2,3
3,187,0,0
3,187,1,41
3,187,2,2
3,188,0,0
3,188,1,41
3,188,2,1
3,189,0,0
3,189,1,41
3,189,2,2
3,190,0,0
3,190,1,42
3,190,2,2
3,191,0,0
3,191,1,42
3,191,2,1
3,192,0,0
3,192,1,42
3,192,2,2
3,193,0,0
3,193,1,43
3,193,2,2
3,194,0,0
3,194,1,43
3,194,2,1
3,195,0,0
3,195,1,43
3,195,2,0
3,196,0,0
3,196,1,43
3,196,2,0
3,197,0,0
3,197,1,43
3,197,2,1
3,198,0,0
3,198,1,44
3,198,2,1
3,199,0,0
3,199,1,44
3,199,2,0
3,200,0,0
3,200,1,44
3,200,2,1
3,201,0,0
3,201,1,44
3,201,2,1
3,202,0,0
3,202,1,44
3,202,2,1
3,203,0,0
3,203,1,44
3,203,2,1
3,204,0,0
3,204,1,44
3,204,2,1
3,205,0,0
3,205,1,44
3,205,2,1
3,206,0,0
3,206,1,45
3,206,2,1
3,207,0,0
3,207,1,45
3,207,2,2
3,208,0,0
3,208,1,45
3,208,2,2
3,209,0,0
3,209,1,46
3,209,2,2
3,210,0,0
3,210,1,46
3,210,2,2
3,211,0,0
3,211,1,46
3,211,2,3
3,212,0,0
3,212,1,47
3,212,2,3
3,213,0,0
3,213,1,47
3,213,2,4
3,214,0,0
3,214,1,47
3,214,2,4
3,215,0,0
3,215,1,48
3,215,2,4
3,216,0,0
3,216,1,48
3,216,2,5
3,217,0,0
3,217,1,48
3,217,2,5
3,218,0,0
3,218,1,49
3,218,2,5
3,219,0,0
3,219,1,49
3,219,2,4
3,220,0,0
3,220,1,49
3,220,2,4
3,221,0,0
3,221,1,49
3,221,2,3
3,222,0,0
3,222,1,49
3,222,2,2
3,223,0,0
3,223,1,49
3,223,2,3
3,224,0,0
3,224,1,49
3,224,2,3
3,225,0,0
3,225,1,50
3,225,2,3
3,226,0,0
3,226,1,50
3,226,2,3
3,227,0,0
3,227,1,50
3,227,2,4
3,228,0,0
3,228,1,51
3,228,2,4
3,229,0,0
3,229,1,51
3,229,2,3
3,230,0,0
3,230,1,51
3,230,2,2
3,231,0,0
3,231,1,51
3,231,2,3
3,232,0,0
3,232,1,51
3,232,2,3
3,233,0,0
3,233,1,51
3,233,2,3
3,234,0,0
3,234,1,51
3,234,2,3
3,235,0,0
3,235,1,52
3,235,2,3
3,236,0,0
3,236,1,52
3,236,2,2
3,237,0,0
3,237,1,52
3,237,2,1
3,238,0,0
3,238,1,52
3,238,2,0
3,239,0,0
3,239,1,52
3,239,2,0
3,240,0,0
3,240,1,52
3,240,2,1
3,241,0,0
3,241,1,53
3,241,2,1
3,242,0,0
3,242,1,53
3,242,2,0
3,243,0,0
3,243,1,53
3,243,2,0
3,244,0,0
3,244,1,53
3,244,2,1
3,245,0,0
3,245,1,54
3,245,2,1
3,246,0,0
3,246,1,54
3,246,2,0
3,247,0,0
3,247,1,54
3,247,2,1
3,248,0,0
3,248,1,55
3,248,2,1
3,249,0,0
3,249,1,55
3,249,2,2
3,250,0,0
3,250,1,56
3,250,2,2
3,251,0,0
3,251,1,56
3,251,2,1
3,252,0,0
3,252,1,56
3,252,2,0
3,253,0,0
3,253,1,56
3,253,2,1
3,254,0,0
3,254,1,56
3,254,2,1
3,255,0,0
3,255,1,56
3,255,2,1
3,256,0,0
3,256,1,56
3,256,2,1
3,257,0,0
3,257,1,57
3,257,2,1
3,258,0,0
3,258,1,57
3,258,2,0
3,259,0,0
3,259,1,57
3,259,2,1
3,260,0,0
3,260,1,58
3,260,2,1
3,261,0,0
3,261,1,58
3,261,2,2
3,262,0,0
3,262,1,59
3,262,2,2
3,263,0,0
3,263,1,59
3,263,2,1
3,264,0,0
3,264,1,59
3,264,2,2
3,265,0,0
3,265,1,60
3,265,2,2
3,266,0,0
3,266,1,60
3,266,2,1
3,267,0,0
3,267,1,60
3,267,2,0
3,268,0,0
3,268,1,60
3,268,2,1
3,269,0,0
3,269,1,61
3,269,2,1
3,270,0,0
3,270,1,61
3,270,2,0
3,271,0,0
3,271,1,61
3,271,2,1
3,272,0,0
3,272,1,62
3,272,2,1
3,273,0,0
3,273,1,62
3,273,2,2
3,274,0,0
3,274,1,63
3,274,2,2
3,275,0,0
3,275,1,63
3,275,2,1
3,276,0,0
3,276,1,63
3,276,2,1
3,277,0,0
3,277,1,63
3,277,2,2
3,278,0,0
3,278,1,63
3,278,2,2
3,279,0,0
3,279,1,63
3,279,2,2
3,280,0,0
3,280,1,63
3,280,2,2
3,281,0,0
3,281,1,64
3,281,2,2
3,282,0,0
3,282,1,64
3,282,2,3
3,283,0,0
3,283,1,64
3,283,2,3
3,284,0,0
3,284,1,65
3,284,2,3
3,285,0,0
3,285,1,65
3,285,2,3
3,286,0,0
3,286,1,65
3,286,2,4
3,287,0,0
3,287,1,66
3,287,2,4
3,288,0,0
3,288,1,66
3,288,2,3
3,289,0,0
3,289,1,66
3,289,2,4
3,290,0,0
3,290,1,67
3,290,2,4
3,291,0,0
3,291,1,67
3,291,2,5
3,292,0,0
3,292,1,68
3,292,2,5
3,293,0,0
3,293,1,68
3,293,2,6
3,294,0,0
3,294,1,69
3,294,2,6
3,295,0,0
3,295,1,69
3,295,2,7
3,296,0,0
3,296,1,70
3,296,2,7
3,297,0,0
3,297,1,70
3,297,2,7
3,298,0,0
3,298,1,70
3,298,2,7
3,299,0,0
3,299,1,70
3,299,2,8
3,300,0,0
3,300,1,71
3,300,2,8
3,301,0,0
3,301,1,71
3,301,2,9
3,302,0,0
3,302,1,72
3,302,2,9
3,303,0,0
3,303,1,72
3,303,2,8
3,304,0,0
3,304,1,72
3,304,2,7
3,305,0,0
3,305,1,72
3,305,2,6
3,306,0,0
3,306,1,72
3,306,2,5
3,307,0,0
3,307,1,72
3,307,2,6
3,308,0,0
3,308,1,73
3,308,2,6
3,309,0,0
3,309,1,73
3,309,2,6
3,310,0,0
3,310,1,73
3,310,2,5
3,311,0,0
3,311,1,73
3,311,2,6
3,312,0,0
3,312,1,74
3,312,2,6
3,313,0,0
3,313,1,74
3,313,2,5
3,314,0,0
3,314,1,74
3,314,2,4
3,315,0,0
3,315,1,74
3,315,2,5
3,316,0,0
3,316,1,75
3,316,2,5
3,317,0,0
3,317,1,75
3,317,2,4
3,318,0,0
3,318,1,75
3,318,2,3
3,319,0,0
3,319,1,75
3,319,2,2
3,320,0,0
3,320,1,75
3,320,2,1
3,321,0,0
3,321,1,75
3,321,2,0
3,322,0,0
3,322,1,75
3,322,2,1
3,323,0,0
3,323,1,75
3,323,2,1
3,324,0,0
3,324,1,76
3,324,2,1
3,325,0,0
3,325,1,76
3,325,2,0
3,326,0,0
3,326,1,76
3,326,2,1
3,327,0,0
3,327,1,77
3,327,2,1
3,328,0,0
3,328,1,77
3,328,2,0
3,329,0,0
3,329,1,77
3,329,2,0
3,330,0,0
3,330,1,77
3,330,2,1
3,331,0,0
3,331,1,78
3,331,2,1
3,332,0,0
3,332,1,78
3,332,2,2
3,333,0,0
3,333,1,79
3,333,2,2
3,334,0,0
3,334,1,79
3,334,2,1
3,335,0,0
3,335,1,79
3,335,2,0
3,336,0,0
3,336,1,79
3,336,2,1
3,337,0,0
3,337,1,80
3,337,2,1
3,338,0,0
3,338,1,80
3,338,2,0
3,339,0,0
3,339,1,80
3,339,2,1
3,340,0,0
3,340,1,81
3,340,2,1
3,341,0,0
3,341,1,81
3,341,2,0
3,342,0,0
3,342,1,81
3,342,2,1
3,343,0,0
3,343,1,82
3,343,2,1
3,344,0,0
3,344,1,82
3,344,2,0
3,345,0,0
3,345,1,82
3,345,2,1
3,346,0,0
3,346,1,83
3,346,2,1
3,347,0,0
3,347,1,83
3,347,2,2
3,348,0,0
3,348,1,84
3,348,2,2
3,349,0,0
3,349,1,84
3,349,2,1
3,350,0,0
3,350,1,84
3,350,2,1
3,351,0,0
3,351,1,84
3,351,2,0
3,352,0,0
3,352,1,84
3,352,2,0
3,353,0,0
3,353,1,84
3,353,2,1
3,354,0,0
3,354,1,84
3,354,2,1
3,355,0,0
3,355,1,84
3,355,2,1
3,356,0,0
3,356,1,85
3,356,2,1
3,357,0,0
3,357,1,85
3,357,2,1
3,358,0,0
3,358,1,85
3,358,2,0
3,359,0,0
3,359,1,85
3,359,2,1
3,360,0,0
3,360,1,85
3,360,2,1
3,361,0,0
3,361,1,86
3,361,2,1
3,362,0,0
3,362,1,86
3,362,2,0
3,363,0,0
3,363,1,86
3,363,2,1
3,364,0,0
3,364,1,86
3,364,2,1
3,365,0,0
3,365,1,87
3,365,2,1
3,366,0,0
3,366,1,87
3,366,2,2
3,367,0,0
3,367,1,87
3,367,2,2
3,368,0,0
3,368,1,88
3,368,2,2
3,369,0,0
3,369,1,88
3,369,2,2
3,370,0,0
3,370,1,88
3,370,2,1
3,371,0,0
3,371,1,88
3,371,2,1
3,372,0,0
3,372,1,88
3,372,2,1
3,373,0,0
3,373,1,88
3,373,2,0
3,374,0,0
3,374,1,88
3,374,2,1
3,375,0,0
3,375,1,88
3,375,2,1
3,376,0,0
3,376,1,89
3,376,2,1
3,377,0,0
3,377,1,89
3,377,2,0
3,378,0,0
3,378,1,89
3,378,2,1
3,379,0,0
3,379,1,89
3,379,2,1
3,380,0,0
3,380,1,90
3,380,2,1
3,381,0,0
3,381,1,90
3,381,2,2
3,382,0,0
3,382,1,91
3,382,2,2
3,383,0,0
3,383,1,91
3,383,2,3
3,384,0,0
3,384,1,92
3,384,2,3
3,385,0,0
3,385,1,92
3,385,2,3
3,386,0,0
3,386,1,92
3,386,2,4
3,387,0,0
3,387,1,93
3,387,2,4
3,388,0,0
3,388,1,93
3,388,2,5
3,389,0,0
3,389,1,94
3,389,2,5
3,390,0,0
3,390,1,94
3,390,2,5
3,391,0,0
3,391,1,94
3,391,2,6
3,392,0,0
3,392,1,95
3,392,2,6
3,393,0,0
3,393,1,95
3,393,2,5
3,394,0,0
3,394,1,95
3,394,2,5
3,395,0,0
3,395,1,95
3,395,2,4
3,396,0,0
3,396,1,95
3,396,2,5
3,397,0,0
3,397,1,96
3,397,2,5
3,398,0,0
3,398,1,96
3,398,2,5
3,399,0,0
3,399,1,96
3,399,2,4
3,400,0,0
3,400,1,96
3,400,2,3
3,401,0,0
3,401,1,96
3,401,2,2
3,402,0,0
3,402,1,96
3,402,2,2
3,403,0,0
3,403,1,96
3,403,2,1
3,404,0,0
3,404,1,96
3,404,2,2
3,405,0,0
3,405,1,96
3,405,2,2
3,406,0,0
3,406,1,96
3,406,2,2
3,407,0,0
3,407,1,97
3,407,2,2
3,408,0,0
3,408,1,97
3,408,2,1
3,409,0,0
3,409,1,97
3,409,2,2
3,410,0,0
3,410,1,98
3,410,2,2
3,411,0,0
3,411,1,98
3,411,2,1
3,412,0,0
3,412,1,98
3,412,2,2
3,413,0,0
3,413,1,99
3,413,2,2
3,414,0,0
3,414,1,99
3,414,2,1
3,415,0,0
3,415,1,99
3,415,2,2
3,416,0,0
3,416,1,100
3,416,2,2
3,417,0,0
3,417,1,100
3,417,2,3
3,418,0,0
3,418,1,100
3,418,2,3
3,419,0,0
3,419,1,101
3,419,2,3
3,420,0,0
3,420,1,101
3,420,2,4
3,421,0,0
3,421,1,102
3,421,2,4
3,422,0,0
3,422,1,102
3,422,2,5
3,423,0,0
3,423,1,103
3,423,2,5
3,424,0,0
3,424,1,103
3,424,2,5
3,425,0,0
3,425,1,103
3,425,2,5
3,426,0,0
3,426,1,103
3,426,2,5
3,427,0,0
3,427,1,103
3,427,2,5
3,428,0,0
3,428,1,103
3,428,2,4
3,429,0,0
3,429,1,103
3,429,2,5
3,430,0,0
3,430,1,104
3,430,2,5
3,431,0,0
3,431,1,104
3,431,2,4
3,432,0,0
3,432,1,104
3,432,2,3
3,433,0,0
3,433,1,104
3,433,2,4
